<?xml version="1.0" encoding="utf-8"?>
<resources>
	<!-- newscenecreator strings -->

	<string name="app_name">Add Scene</string>
	<string name="ek_img_content">ExportKit Image</string>
	<string name="new_scene_string">New Scene</string>
	<string name="add_routine_string">Add routine</string>
	<string name="recently_used_string">Recently used</string>
	<string name="look_for_intruders_string">Look for intruders</string>
	<string name="play_music_string">Play music</string>
	<string name="set_scene_duration_string">Set Scene duration</string>
	<string name="___string">:</string>
	<string name="___ek1_string">:</string>
	<string name="start_string">Start</string>
	<string name="end_string">End</string>
</resources>