<?xml version="1.0" encoding="utf-8"?>
<resources>
	<!-- scenedisplay strings -->

	<string name="app_name">Scene Manager</string>
	<string name="ek_img_content">ExportKit Image</string>
	<string name="scenes_string">Scenes</string>
	<string name="dictate_how_the_system_reacts_to_conditions__string">Dictate how the system reacts to conditions.</string>
	<string name="current_scenes_string">Current scenes</string>
	<string name="im_home_string">Im home</string>
	<string name="lockdown_mode_string">Lockdown mode</string>
</resources>