<?xml version="1.0" encoding="utf-8"?>
<resources>
	<!-- homescreen colors -->

	<color name="colorPrimary">#008577</color>
	<color name="colorPrimaryDark">#00574B</color>
	<color name="colorAccent">#D81B60</color>
	<color name="purple_200">#FFBB86FC</color>
	<color name="purple_500">#FF6200EE</color>
	<color name="purple_700">#FF3700B3</color>
	<color name="teal_200">#FF03DAC5</color>
	<color name="teal_700">#FF018786</color>
	<color name="black">#FF000000</color>
	<color name="white">#FFFFFFFF</color>

	<color name="_bg__homescreen_ek2_color">#7DE694</color>
	<color name="rectangle_1_color">#FFFFFF</color>
	<color name="create_a_scene_that_controls_your_home4u_device__color">#000000</color>
	<color name="rectangle_4_color">#73A9E8</color>
	<color name="rectangle_6_color">#DE5959</color>
	<color name="rectangle_3_color">#B1EAB0</color>
	<color name="home4u_color">#E9E9E8</color>
</resources>