<?xml version="1.0" encoding="utf-8"?>
<resources>
	<!-- homescreen strings -->

	<string name="app_name">Home Screen</string>
	<string name="ek_img_content">ExportKit Image</string>
	<string name="create_a_scene_that_controls_your_home4u_device__string">Create a Scene that controls your Home4U device.</string>
	<string name="remotely_disable_your_alarm_string">Remotely disable your alarm </string>
	<string name="disable_alarm_string">Disable alarm</string>
	<string name="connect_your_phone_to_the_device_and_play_music_string">Connect your phone to the device and play music</string>
	<string name="play_music_string">Play Music</string>
	<string name="create_a_scene_string">Create a Scene</string>
	<string name="home4u_string">Home4U</string>
</resources>